CODCONTA,CONTA,GRUPO
200025,FRETE SAIDA DE MERCADORIA,TRANFERÊNCIA ENTRE FILIAIS
301099,RECEBIMENTOS CARTAO HIPERCARD,DESPESAS / RECEITAS FINANCEIRAS
410027,PRINCESA LOGISTICA,Logistica
700001,RECEBIMENTO DE DESCARGA,Mudança de Embalagem
700002,EMBALAGENS E PALETES,Mudança de Embalagem
540020,LOCAWEB SERVICOS DE INTERNET,DESPESAS COM PRESTADORES DE SERVICOS
540021,SERVICO DE PORTARIA E VIGILANCIA,DESPESAS COM PRESTADORES DE SERVICOS
540022,SISTEMA PROTON,DESPESAS COM PRESTADORES DE SERVICOS
600031,DUARTE RECURSOS HUMANOS - DRH,DESPESAS RECURSOS HUMANOS
525006,GD INFORMATICA,DESPESAS COM TELEFONIA E INTERNET
525007,MANUTENÇÃO TELEFONIA,DESPESAS COM TELEFONIA E INTERNET
530021,DESPESAS BRADESCO,DESPESAS FINANCEIRAS
530022,DESPESAS ITAU,DESPESAS FINANCEIRAS
530023,DESPESAS SANTANDER,DESPESAS FINANCEIRAS
530024,DESPESAS BANCO DO BRASIL,DESPESAS FINANCEIRAS
700005,DESCONTO FINANCEIRO FORNECEDOR,Mudança de Embalagem
700006,JUROS RECEBIDOS DE CLIENTES,Mudança de Embalagem
530025,MULTAS E JUROS PAGO A FORNECEDORES,DESPESAS FINANCEIRAS
600032,SALARIOS ESTAGIARIOS,DESPESAS RECURSOS HUMANOS
600033,ABONOS SALARIAIS,DESPESAS RECURSOS HUMANOS
700007,VENDA PAPELAO,Mudança de Embalagem
600034,VALE TRANSPORTE,DESPESAS RECURSOS HUMANOS
650004,SALARIOS PRINCESA,DESPESAS PRINCESA LOGISTICA
650005,SINDICATO PRINCESA,DESPESAS PRINCESA LOGISTICA
650006,FERIAS PRINCESA,DESPESAS PRINCESA LOGISTICA
310023,COMISSAO RCA,DESPESAS COM EQUIPE DE VENDAS
310024,AJUDA DE CUSTO RCA,DESPESAS COM EQUIPE DE VENDAS
650007,RECISAO PRINCESA,DESPESAS PRINCESA LOGISTICA
600035,ALIMENTACAO COLABORADOR,DESPESAS RECURSOS HUMANOS
650008,FARMACIA PRINCESA,DESPESAS PRINCESA LOGISTICA
310025,DISTRATO RCA,DESPESAS COM EQUIPE DE VENDAS
750001,MATERIA PRIMA,DESPESAS DA PANIFICADORA LOJAS
893015,JUROS FINANCIAMENTO,DESPESAS FINANCEIRAS
800001,CAPITAL DE GIRO,EMPRESTIMO E FINANCIAMENTOS
800002,JUROS,EMPRESTIMO E FINANCIAMENTOS
310026,SALARIO SUPERVISOR,DESPESAS COM EQUIPE DE VENDAS
600036,AJUDA DE CUSTO,DESPESAS RECURSOS HUMANOS
893016,CONSORCIOS,INVESTIMENTOS INATIVO
999003,AJUSTE DE ESTOQUE FILIAL 01,Correcao Financeiro
310027,OUTRAS DESPESAS COM VENDAS,DESPESAS COM EQUIPE DE VENDAS
540023,MAXIMA SISTEMAS,DESPESAS COM PRESTADORES DE SERVICOS
530026,JUROS VENDOR,DESPESAS FINANCEIRAS
700010,TAXA ALIMENTAÇÃO COLABORADOR,Mudança de Embalagem
700011,INSS NOTA FISCAL RCA,Mudança de Embalagem
700012,PROMISSORIA RCA,Mudança de Embalagem
700013,TAXA DE SERVICOS TELEFONIA RCA,Mudança de Embalagem
700014,ESTORNO RCA,Mudança de Embalagem
700015,PRESTAÇÃO EMPRESTIMO COLABORAOR,Mudança de Embalagem
700016,PAGTO PENSÃO COLABORADOR,Mudança de Embalagem
301017,JUROS DESCONTO DE CHEQUES,DESPESAS / RECEITAS FINANCEIRAS
402018,CONSTRUCAO,DESPESAS CENTRO DISTRIBUICAO
893014,FINANCIAMENTO DE UTENCILIOS,INVESTIMENTOS INATIVO
600015,TRANSPORTE FUNCIONARIOS,DESPESAS RECURSOS HUMANOS
600017,ASSISTENCIA ODONTOLOGICA,DESPESAS RECURSOS HUMANOS
600018,ESTAGIARIOS TAXAS,DESPESAS RECURSOS HUMANOS
600019,EMPRESTIMO CONSIGNADO,DESPESAS RECURSOS HUMANOS
600020,FERIAS,DESPESAS RECURSOS HUMANOS
600021,13 SALARIOS,DESPESAS RECURSOS HUMANOS
600023,SALARIOS,DESPESAS RECURSOS HUMANOS
540015,RECARGA DE TONNER,DESPESAS COM PRESTADORES DE SERVICOS
420032,MANUTENCAO DE VEICULOS -PEÇAS E SERVICOS,TRANSPORTES
420033,DESPESAS CARRETA,TRANSPORTES
320016,MARKETING E MATERIAL DE VENDA,Mudança de Embalagem
320017,ASSESSORIA DE MARKETING PROPAGANDA,TRADE MARKETING
320020,PAINEL E PLACAS DE RUA,TRADE MARKETING
540016,CARLA SIMONE RECURSOS HUMANOS - CSRH,DESPESAS COM PRESTADORES DE SERVICOS
600024,CARLA SIMONE RECURSOS HUMANOS - CSRH,DESPESAS RECURSOS HUMANOS
700009,OUTROS CREDITOS,Mudança de Embalagem
700008,MARKETING E MATERIAL DE VENDA,Mudança de Embalagem
304113,OUTRAS DESPESAS,CONTAS A PAGAR
510032,DESPESAS DE VIAGEM,DESPESAS GERAIS
650009,PAGAMENTO JUDICIAL,DESPESAS PRINCESA LOGISTICA
510033,ALUGUEL DE IMOVEIS,DESPESAS GERAIS
650010,ALIMENTAÇÃO FUNCIONARIOS - PRINCESA,DESPESAS PRINCESA LOGISTICA
525008,OUTRAS DESP TELEFONIA/INTERNET,DESPESAS COM TELEFONIA E INTERNET
301015,SER COBRANCA BOLETOS,DESPESAS / RECEITAS FINANCEIRAS
301016,TITULOS DE CAPITALIZACAO,DESPESAS / RECEITAS FINANCEIRAS
300028,MANUTECOES DIVERSAS,DESPESAS ADMINISTRATIVAS
402019,AQUISICAO DE MATERIAL,DESPESAS CENTRO DISTRIBUICAO
402998,MUDANCA DE EMBALAGEM,DESPESAS CENTRO DISTRIBUICAO
310001,SALARIO GERENTE COMERCIAL,DESPESAS COM EQUIPE DE VENDAS
310002,SALARIO GERENTE DE AREA,DESPESAS COM EQUIPE DE VENDAS
310003,SALARIO PROMOTORES,DESPESAS COM EQUIPE DE VENDAS
310004,SALARIO - PESSOAL DE COMPRAS,DESPESAS COM EQUIPE DE VENDAS
310005,ENCARGOS SOBRE SALARIO - PESSOAL VENDAS,DESPESAS COM EQUIPE DE VENDAS
310006,COMISSAO GERENE COMERCIAL,DESPESAS COM EQUIPE DE VENDAS
310007,COMISSAO GERENTE DE AREA,DESPESAS COM EQUIPE DE VENDAS
310008,COMISSAO CONSULT VENDAS (FORA DO CMV),DESPESAS COM EQUIPE DE VENDAS
310009,AJUDA DE CUSTO - PROMOTORES,DESPESAS COM EQUIPE DE VENDAS
310010,FERIAS,DESPESAS COM EQUIPE DE VENDAS
310011,13 SALARIO,DESPESAS COM EQUIPE DE VENDAS
310012,RECISAO,DESPESAS COM EQUIPE DE VENDAS
310013,EXAME MEDICO,DESPESAS COM EQUIPE DE VENDAS
310014,DESPESA C FARDAMENTO,DESPESAS COM EQUIPE DE VENDAS
310015,OUTROS GASTOS C/FARDAMENTO,DESPESAS COM EQUIPE DE VENDAS
310017,REUNIOES E TREINAMENTOS DE VENDAS,DESPESAS COM EQUIPE DE VENDAS
310018,OUTRAS DESPESAS C/PESSOAL DE VENDAS,DESPESAS COM EQUIPE DE VENDAS
310019,DESPESAS DE VIAGENS - VENDAS,DESPESAS COM EQUIPE DE VENDAS
310020,AJUDA DE CUSTO GERENTE DE AREA,DESPESAS COM EQUIPE DE VENDAS
310021,FEIRAS /EVENTOS /LANCAMENTOS,DESPESAS COM EQUIPE DE VENDAS
310022,FEIRAS / EVENTOS / LANCAMENTOS,DESPESAS COM EQUIPE DE VENDAS
320001,SALARIO PESSOAL TRADE MARKETING,TRADE MARKETING
320002,ENCARGOS SOBRE SALARIO PESSOAL TRADE,TRADE MARKETING
320003,FERIAS,TRADE MARKETING
320004,13 SALARIO,TRADE MARKETING
320005,RECISAO,TRADE MARKETING
320006,EXAME MEDICO,TRADE MARKETING
320007,DESPESAS C/ FARDAMENTO,TRADE MARKETING
320008,OUTROS GASTOS C/ PESSOAL,TRADE MARKETING
320009,CURSOS E TREINAMENTOS,TRADE MARKETING
320014,BRINDES E DECORACOES,TRADE MARKETING
320015,EVENTOS E REUNIOES,TRADE MARKETING
420001,SALARIO MOTORISTA,TRANSPORTES
420002,SALARIO AUXILARES,TRANSPORTES
420003,ENCARGOS SOBRE SALARIOS - MOTORISTA E AU,TRANSPORTES
420004,DIARIAS DE MOTORISTA E AUXIALRES,TRANSPORTES
420006,FERIAS,TRANSPORTES
420007,13 SALRIO,TRANSPORTES
420008,RECISAO,TRANSPORTES
420009,EXAME MEDICO,DESPESAS RECURSOS HUMANOS
420010,DESPESA C/ FARDAMENTO,TRANSPORTES
420011,OUTROS GASTOS C/ PESSOAL,TRANSPORTES
420012,PREMIACAO MOTORISTA / AUXILIARES,TRANSPORTES
420013,MANUTENCAO DE VEICULOS -PECAS E SERVICOS,TRANSPORTES
420014,LUBRIFICANTE,TRANSPORTES
420015,COMBUSTIVEL,TRANSPORTES
420016,PNEUS,TRANSPORTES
420017,RASTREAMENTO,TRANSPORTES
420018,SEGURO DE CARGA TRASNPORTADA,TRANSPORTES
420020,PEDAGIO E BALSAS,TRANSPORTES
420021,AVARIAS,TRANSPORTES
420022,REFORMA DE VEICULOS,TRANSPORTES
420023,LANCHES E REFEICOES,TRANSPORTES
420024,DESPESA EXTRAS,TRANSPORTES
420025,DESPESA COM ALGUEL,TRANSPORTES
420026,SEGURO DE VEICULOS,TRANSPORTES
420027,FRETE TERCERIZADO,TRANSPORTES
420028,LAVAGEM DE VEICULOS,TRANSPORTES
420029,MULTAS DE TRANSITO,TRANSPORTES
420030,ACIDENTE DE TRANSITO,TRANSPORTES
420031,FRANQUIA DE SEGUROS,TRANSPORTES
530001,DESPESAS BANCARIAS,DESPESAS FINANCEIRAS
530002,DESPESAS BANCARIAS COBRANCA,DESPESAS FINANCEIRAS
530003,IOF S/DESCONTO DE DUPLICATAS,DESPESAS FINANCEIRAS
530004,IOF S/DESCONTO DE CHQUES,DESPESAS FINANCEIRAS
520001,OI FIXO,DESPESAS COM TELEFONIA E INTERNET
525001,OI FIXO,DESPESAS COM TELEFONIA E INTERNET
525002,EMBRATEL,DESPESAS COM TELEFONIA E INTERNET
525003,CLARO,DESPESAS COM TELEFONIA E INTERNET
525004,VIVO,DESPESAS COM TELEFONIA E INTERNET
525005,INTERNET,DESPESAS COM TELEFONIA E INTERNET
530005,IOF S/EMPRESTIMOS,DESPESAS FINANCEIRAS
530006,JUROS CHEQUE ESPECIAL,DESPESAS FINANCEIRAS
530007,JUROS CONTA GARANTIDA,DESPESAS FINANCEIRAS
530008,JUROS E MULTAS POR ATRASO,DESPESAS FINANCEIRAS
530009,JUROS DESCONTO DE CHEQUE,DESPESAS FINANCEIRAS
530010,JUROS DESCONTO DE DUPLICATAS,DESPESAS FINANCEIRAS
530011,JUROS DE EMPRESTIMO GIRO,DESPESAS FINANCEIRAS
530012,DISPENSA DE JUROS,DESPESAS FINANCEIRAS
530013,JUROS E MULTA DE MORA-IMPOSTOS,DESPESAS FINANCEIRAS
530014,DESCONTOS OBTIDOS,DESPESAS FINANCEIRAS
530015,JUROS RECEBIDOS,DESPESAS FINANCEIRAS
530016,TITULOS DE CAPITALIZACAO,DESPESAS FINANCEIRAS
530017,RENDIMENTOS DE APLICACOES,DESPESAS FINANCEIRAS
530018,RECUPERACAO DE CREDITO NAO LIQUIDO,DESPESAS FINANCEIRAS
540001,SEGURANCA,DESPESAS COM PRESTADORES DE SERVICOS
540002,HONORARIOS CONTABEIS,DESPESAS COM PRESTADORES DE SERVICOS
540004,CONSULTORIA,DESPESAS COM PRESTADORES DE SERVICOS
540005,ASSESSORIA MANOEL DE DEUS,DESPESAS COM PRESTADORES DE SERVICOS
540006,SISTEMA WINTHOR PC INFORMATICA,DESPESAS COM PRESTADORES DE SERVICOS
540007,MANUTENCAO DE TELEFONE FIXO,DESPESAS COM PRESTADORES DE SERVICOS
540008,GD INFORMATICA,DESPESAS COM PRESTADORES DE SERVICOS
540009,SERASA,DESPESAS COM PRESTADORES DE SERVICOS
540010,TELECHEQUE,DESPESAS COM PRESTADORES DE SERVICOS
540011,DEDETETIZACAO,DESPESAS COM PRESTADORES DE SERVICOS
540012,PRESTACAO DE SERVICO DIVERSOS,DESPESAS COM PRESTADORES DE SERVICOS
545001,ASSESSRIA DE MARKETING E PROPAGANDA,DESPESAS COM PUBLICIDADE
545002,IMPRESSOES E GRAFICAS,DESPESAS COM PUBLICIDADE
545003,MIDIA TV JORNAL E RADIO,DESPESAS COM PUBLICIDADE
545004,PAINEL E PLACAS DE RUA,DESPESAS COM PUBLICIDADE
550001,IPTU,DESPESAS COM IMPOSTOS NAO OPERACIONAIS
550002,IPVA E LICENCIAMENTO VEIC LEVES,DESPESAS COM IMPOSTOS NAO OPERACIONAIS
550003,TFF / TLP,DESPESAS COM IMPOSTOS NAO OPERACIONAIS
550004,CONTRIBUICAO SINDICAL,DESPESAS COM IMPOSTOS NAO OPERACIONAIS
550005,ASSOCIACOES DE CLASSE,DESPESAS COM IMPOSTOS NAO OPERACIONAIS
550006,DOACOES,DESPESAS COM IMPOSTOS NAO OPERACIONAIS
900008,RETIRADA SOCIO 1,DESPESAS DIRETORIA GERAL
900009,RETIRADA SOCIO 2,DESPESAS DIRETORIA GERAL
900010,RETIRADA SOCIO 3,DESPESAS DIRETORIA GERAL
9000011,OUTRAS DESPESAS DA DIRETORIA,DESPESAS DIRETORIA GERAL
200001,SALARIOS (EXCETO COMISSAO),TRANFERÊNCIA ENTRE FILIAIS
200002,DECIMO TERCEIRO SALARIO,TRANFERÊNCIA ENTRE FILIAIS
200004,FERIAS,TRANFERÊNCIA ENTRE FILIAIS
200005,RESCISOES TRABALHISTAS,TRANFERÊNCIA ENTRE FILIAIS
200006,DESPESAS DE VIAGENS,TRANFERÊNCIA ENTRE FILIAIS
200007,TELEFONE 0800 APOIO/ TELEVENDAS,TRANFERÊNCIA ENTRE FILIAIS
200008,TELEFONE (FORCA DE VENDAS),TRANFERÊNCIA ENTRE FILIAIS
200009,TELEFONE FAX (APOIO A VENDAS),TRANFERÊNCIA ENTRE FILIAIS
200011,TICKET ALIMENTACAO,TRANFERÊNCIA ENTRE FILIAIS
200012,PREMIACAO E CAMPANHAS,TRANFERÊNCIA ENTRE FILIAIS
200014,CORREIOS E POSTAGENS,TRANFERÊNCIA ENTRE FILIAIS
200015,REUNIOES E TREINAMENTOS EQUIPE VENDAS,TRANFERÊNCIA ENTRE FILIAIS
200016,HONORARIOS ADVOCATICIOS,TRANFERÊNCIA ENTRE FILIAIS
200018,FEIRAS/ EVENTOS/ LANCAMENTOS,TRANFERÊNCIA ENTRE FILIAIS
201001,FUNDOS DE CAIXA,DESPESAS COM ESCRITORIOS DE VENDAS
201002,RESCISOES TRABALHISTAS,DESPESAS COM ESCRITORIOS DE VENDAS
201003,AGUA/ ENERGIA,DESPESAS COM ESCRITORIOS DE VENDAS
201004,ALUGUEL,DESPESAS COM ESCRITORIOS DE VENDAS
201005,CORREIO/ MALOTES,DESPESAS COM ESCRITORIOS DE VENDAS
201006,TELEFONE ESCRITORIO,DESPESAS COM ESCRITORIOS DE VENDAS
201010,VALE TRANSPORTE,DESPESAS COM ESCRITORIOS DE VENDAS
201011,MATERIAL DE LIMPEZA,DESPESAS COM ESCRITORIOS DE VENDAS
201012,AJUDA COMBUSTIVEL,DESPESAS COM ESCRITORIOS DE VENDAS
300001,SALARIOS,DESPESAS ADMINISTRATIVAS
300002,FERIAS,DESPESAS ADMINISTRATIVAS
300003,13o. SALARIO,DESPESAS ADMINISTRATIVAS
300004,GRATIFICACOES,DESPESAS ADMINISTRATIVAS
300005,RESCISOES TRABALHISTAS,DESPESAS ADMINISTRATIVAS
300009,CONTRIBUICOES E DOACOES,DESPESAS ADMINISTRATIVAS
300010,CARTORIO / TAXAS,DESPESAS ADMINISTRATIVAS
300012,DESPESAS POSTAIS,DESPESAS ADMINISTRATIVAS
300013,ENERGIA ELETRICA,DESPESAS ADMINISTRATIVAS
893002,LEASING,INVESTIMENTOS INATIVO
301001,DESCONTOS OBTIDOS,DESPESAS / RECEITAS FINANCEIRAS
301003,DESCONTO REF. ANTECIPACAO PAGTO FORNEC.,DESPESAS / RECEITAS FINANCEIRAS
301004,MULTA E JUROS DE MORA,DESPESAS / RECEITAS FINANCEIRAS
301010,PERDAS E DEVEDORES DUVIDOSOS,DESPESAS / RECEITAS FINANCEIRAS
302010,OUTROS TRIBUTOS FEDERAIS,DESPESAS TRIBUTARIAS
302009,OUTROS TRIBUTOS ESTADUAIS,DESPESAS TRIBUTARIAS
302008,OUTROS TRIBUTOS MUNICIPAIS,DESPESAS TRIBUTARIAS
302012,MULTA S/ INFRACOES FISCAIS,DESPESAS TRIBUTARIAS
302011,IRRF S/ SERVICO DE TERCEIRO,DESPESAS TRIBUTARIAS
401022,MULTA / TRANSITO,DESPESAS COM TRANSPORTE
401015,OLEO DIESEL,DESPESAS COM TRANSPORTE
401023,IPVA / LICENCIAMENTO,DESPESAS COM TRANSPORTE
401019,MATERIAL P/ LAVADOR,DESPESAS COM TRANSPORTE
302013,MULTA ATRASO PAGTO TRIBUTOS,DESPESAS TRIBUTARIAS
401002,CIPA E MATERIAL DE SEGURANCA,DESPESAS COM TRANSPORTE
401003,LANCHES E REFEICOES - MOTORISTAS,DESPESAS COM TRANSPORTE
401011,SALARIOS,DESPESAS COM TRANSPORTE
401018,PNEU,DESPESAS COM TRANSPORTE
401004,RECAPAGEM DE PNEU,DESPESAS COM TRANSPORTE
401005,RESCISOES CONTRATUAIS - MOTORISTAS,DESPESAS COM TRANSPORTE
401024,ACIDENTE DE TRANSITO,DESPESAS COM TRANSPORTE
401006,VIAGENS E ESTADAS - MOTORISTAS,DESPESAS COM TRANSPORTE
401016,OLEO LUBRIFICANTE,DESPESAS COM TRANSPORTE
401012,PREMIACAO - MOTORISTAS,DESPESAS COM TRANSPORTE
401008,ALINHAMENTO E BALANCEAMENTO,DESPESAS COM TRANSPORTE
401020,CONSERVACAO E LIMPEZA - TRANSPORTE,DESPESAS COM TRANSPORTE
401010,RESTITUICAO A MOTORISTA,DESPESAS COM TRANSPORTE
402015,AQUISICAO/ EQUIPAMENTOS CD,DESPESAS CENTRO DISTRIBUICAO
402001,SEGUROS - CD,DESPESAS CENTRO DISTRIBUICAO
402002,CIPA E MATERIAL DE SEGURANCA - CD,DESPESAS CENTRO DISTRIBUICAO
402003,TREINAMENTO/ EVENTOS - CD,DESPESAS CENTRO DISTRIBUICAO
402004,EMBALAGENS/ PALETES - CD,DESPESAS CENTRO DISTRIBUICAO
402005,LANCHES E REFEICOES - CD,DESPESAS CENTRO DISTRIBUICAO
402009,SALARIOS - CD,DESPESAS CENTRO DISTRIBUICAO
402006,RESCISOES CONTRATUAIS - CD,DESPESAS CENTRO DISTRIBUICAO
402007,VENDA PAPELAO,DESPESAS CENTRO DISTRIBUICAO
402008,DESCARGA DE MERCADORIAS,DESPESAS CENTRO DISTRIBUICAO
402999,ACERTO DE ESTOQUE ***,DESPESAS CENTRO DISTRIBUICAO
500004,MANUTENCAO SISTEMAS,DESPESAS INFORMATICA
500005,MANUTENCAO DE EQUIPAMENTOS - CPD,DESPESAS INFORMATICA
500002,CONSULTORIA/ TREINAMENTO - CPD,DESPESAS INFORMATICA
500003,INTERNET,DESPESAS INFORMATICA
600001,ASSISTENCIA MEDICA COLABORADOR,DESPESAS RECURSOS HUMANOS
600014,FGTS,DESPESAS RECURSOS HUMANOS
600013,INSS,DESPESAS RECURSOS HUMANOS
600002,CRACHAS E UNIFORMES,DESPESAS RECURSOS HUMANOS
600003,INDENIZACOES TRABALHISTAS,DESPESAS RECURSOS HUMANOS
600004,ANUNCIOS E PUBLICACOES - RH,DESPESAS RECURSOS HUMANOS
600005,VIAGENS E ESTADAS - RH,DESPESAS RECURSOS HUMANOS
600006,CONFRATERNIZACAO,DESPESAS RECURSOS HUMANOS
600007,DEPOSITO JUDICIAL,DESPESAS RECURSOS HUMANOS
600008,CUSTAS PROCESSUAIS,DESPESAS RECURSOS HUMANOS
600009,IRRF S/ SALARIOS,DESPESAS RECURSOS HUMANOS
600010,RECRUTAMENTO E SELECAO TERCEIRIZADOS,DESPESAS RECURSOS HUMANOS
600011,PENSOES ALIMENTICIAS,DESPESAS RECURSOS HUMANOS
893001,IMOVEIS,INVESTIMENTOS INATIVO
301009,TARIFAS BANCARIAS,DESPESAS / RECEITAS FINANCEIRAS
301008,CONSULTA DE CREDITO,DESPESAS / RECEITAS FINANCEIRAS
300018,MATERIAL DE CONSUMO / EXPEDIENTE,DESPESAS ADMINISTRATIVAS
402013,CONSUMO/ CONSERVACAO - CD,DESPESAS CENTRO DISTRIBUICAO
300014,FOTOCOPIAS,DESPESAS ADMINISTRATIVAS
300015,IMPRESSOS E FORMULARIOS,DESPESAS ADMINISTRATIVAS
300016,LIVROS / JORNAIS / REVISTAS,DESPESAS ADMINISTRATIVAS
600012,TAXA SINDICAL,DESPESAS RECURSOS HUMANOS
300017,MATERIAL DE LIMPEZA,DESPESAS ADMINISTRATIVAS
402011,MANUTENCAO / EQUIPAMENTOS - CD,DESPESAS CENTRO DISTRIBUICAO
300019,LANCHES E REFEICOES,DESPESAS ADMINISTRATIVAS
201008,FERIAS,DESPESAS COM ESCRITORIOS DE VENDAS
300020,SINDICATOS E ASSOCIACOES,DESPESAS ADMINISTRATIVAS
201009,13o. SALARIO,DESPESAS COM ESCRITORIOS DE VENDAS
300021,VALE TRANSPORTE,DESPESAS ADMINISTRATIVAS
200019,VIAGEM E ALIMENTACAO,TRANFERÊNCIA ENTRE FILIAIS
200020,MARKETING E MATERIAL DE VENDA,TRANFERÊNCIA ENTRE FILIAIS
200021,ENVIO/ DESPACHO,TRANFERÊNCIA ENTRE FILIAIS
300025,MANUTENCAO E CONSERVACAO PREDIAL,DESPESAS ADMINISTRATIVAS
300026,HONORARIOS ADVOCATICIOS,DESPESAS ADMINISTRATIVAS
301007,RENDIMENTOS DE APLICACOES,DESPESAS / RECEITAS FINANCEIRAS
301006,RECUPERACAO DE CREDITO NAO LIQUIDADO,DESPESAS / RECEITAS FINANCEIRAS
500006,TRASMISSAO DE DADOS,DESPESAS INFORMATICA
402010,PREMIACAO - CD,DESPESAS CENTRO DISTRIBUICAO
402012,MANUTENCAO PREDIAL - CD,DESPESAS CENTRO DISTRIBUICAO
201007,SALARIOS,DESPESAS COM ESCRITORIOS DE VENDAS
402014,ACIDENTE - CD,DESPESAS CENTRO DISTRIBUICAO
302001,ICMS NORMAL (SE NAO ESTIVER NO CMV),DESPESAS TRIBUTARIAS
401025,FERIAS - MOTORISTAS,DESPESAS COM TRANSPORTE
302005,IR,DESPESAS TRIBUTARIAS
302006,CSSL,DESPESAS TRIBUTARIAS
302002,PIS (SE NAO ESTIVER NO CMV),DESPESAS TRIBUTARIAS
302003,COFINS (SE NAO ESTIVER NO CMV),DESPESAS TRIBUTARIAS
302004,CPMF (SE NAO ESTIVER NO CMV),DESPESAS TRIBUTARIAS
302007,IPTU,DESPESAS TRIBUTARIAS
402016,FERIAS - CD,DESPESAS CENTRO DISTRIBUICAO
402017,13o. - CD,DESPESAS CENTRO DISTRIBUICAO
401026,13o. SALARIO - MOTORISTAS,DESPESAS COM TRANSPORTE
401027,SEGUROS - TRANSPORTE,DESPESAS COM TRANSPORTE
893004,AQUISICAO DE VEICULOS PESADOS - INVEST,INVESTIMENTOS INATIVO
401014,MANUTENCAO/ ACESSORIOS - VEICULOS,DESPESAS COM TRANSPORTE
401013,COMISSAO MOTORISTAS,DESPESAS COM TRANSPORTE
401017,FILTRO,DESPESAS COM TRANSPORTE
500007,AQUISICAO EQUIP. INFORMATICA,DESPESAS INFORMATICA
300022,TELEFONE,DESPESAS ADMINISTRATIVAS
893005,AQUISICAO DE OUTROS VEICULOS - INVEST,INVESTIMENTOS INATIVO
500008,AQUISICAO SOFTWARE INFORMATICA,DESPESAS INFORMATICA
401001,MANUTENCAO EQUIPAMENTOS OFICINA,DESPESAS COM TRANSPORTE
500001,VIAGENS E ESTADIAS - CPD,DESPESAS INFORMATICA
900005,DISTRIBUICAO DE LUCROS,DESPESAS DIRETORIA GERAL
300023,MOVEIS E EQUIPAMENTOS DE PEQ. VALOR,DESPESAS ADMINISTRATIVAS
893003,TERRENOS,INVESTIMENTOS INATIVO
200022,MANUTENÇÃO DE CUSTOS,TRANFERÊNCIA ENTRE FILIAIS
301011,RECIBEMENTOS CARTAO VISA,DESPESAS / RECEITAS FINANCEIRAS
301012,PGTO JUROS VISA,DESPESAS / RECEITAS FINANCEIRAS
301013,RECEBIMENTOS CARTAO CREDICARD,DESPESAS / RECEITAS FINANCEIRAS
301014,PGTO JUROS CREDICARD,DESPESAS / RECEITAS FINANCEIRAS
200023,DIARIAS SUPEVISORES,TRANFERÊNCIA ENTRE FILIAIS
302014,ICMS,DESPESAS TRIBUTARIAS
302015,ICMS AUTO DE INFRACAO,DESPESAS TRIBUTARIAS
302017,ICMS ANTECIPADO PARCIAL,DESPESAS TRIBUTARIAS
301018,TARIFA BAIXA DE BOLETOS,DESPESAS / RECEITAS FINANCEIRAS
301019,PREVIDENCIA,DESPESAS / RECEITAS FINANCEIRAS
300110,FORNCEDORES,CONTAS A PAGAR
300112,AQUISICAO DE MERCADORIAS,CONTAS A PAGAR
510001,ENERGIA ELETRICA,DESPESAS GERAIS
510002,AGUA E ESGOTO,DESPESAS GERAIS
510003,CAFETERIA,DESPESAS GERAIS
510004,ALUGUEL DE IMOVEIS,DESPESAS GERAIS
510005,MATERIAL DE ESCRITORIO,DESPESAS GERAIS
510006,MATERIAL DE LIMPEZA,DESPESAS GERAIS
510007,MOVEIS E UTENSILIOS - PEQUENO VALOR,DESPESAS GERAIS
510008,EQUIPAMENTOS - PEQUENO VALOR,DESPESAS GERAIS
510009,DESPESA COM MANUTENÇÃO ADMINISTRATIVA,DESPESAS GERAIS
510010,DESPESA C/ CONSTRUÇÃO,DESPESAS GERAIS
510011,LIVROS/JORNAIS/REVISTAS,DESPESAS GERAIS
510012,MARCAS E PATENTES,DESPESAS GERAIS
510013,SOFTWARE,DESPESAS GERAIS
510014,CONTAS PROCESSUAIS,DESPESAS GERAIS
510015,CARTORIO,DESPESAS GERAIS
510016,CORREIOS,DESPESAS GERAIS
510017,MOTOTAXI/TAXI,DESPESAS GERAIS
510018,XEROX E REPRODUÇÃO,DESPESAS GERAIS
510019,SEGURO EMPRESARIAL,DESPESAS GERAIS
510020,OUTRAS DESPESAS,DESPESAS GERAIS
510021,PROCESSOS JUDICIAIS,DESPESAS GERAIS
510022,TAXAS E LICENÇAS,DESPESAS GERAIS
510023,TRANSPORTE DE FUNCIONARIOS,DESPESAS GERAIS
510024,ALIMENTACAO FUNCIONARIOS,DESPESAS GERAIS
510025,ASSISTENCIA MEDICA - FUNCIONARIOS,DESPESAS GERAIS
510026,ASSISTENCIA ODONTOLOGICA - FUNCIONARIOS,DESPESAS GERAIS
510027,SEGURO DE VIDA,DESPESAS GERAIS
510028,ESTAGIARIOS,DESPESAS GERAIS
510029,EMPRESTIMO CONSIGNADO - FUNCIONARIOS,DESPESAS GERAIS
510030,CONFRATERNIZACAO,DESPESAS GERAIS
520002,ENCARGOS SOBRE SALARIO - ADM E FINANCAS,ADMINISTRACAO E FINANCAS
520003,FERIAS,ADMINISTRACAO E FINANCAS
520004,13 SALARIO,ADMINISTRACAO E FINANCAS
520005,RESCISAO,ADMINISTRACAO E FINANCAS
520006,EXAME MEDICO,ADMINISTRACAO E FINANCAS
520007,DESPESA C/ FARDAMENTO,ADMINISTRACAO E FINANCAS
520008,OUTROS GASTOS C/ PESSOAL,ADMINISTRACAO E FINANCAS
520009,DESPESAS DE VIAGENS,ADMINISTRACAO E FINANCAS
9000012,EMPRESTIMOS A DIRETORIA,DESPESAS DIRETORIA GERAL
893006,COMPUTADORES E PERIFERICOS,DESPESAS GERAIS
893007,MOVEIS E UTENSILIOS,INVESTIMENTOS INATIVO
893008,INSTALACOES,INVESTIMENTOS INATIVO
893009,AQUISIÇÃO E LICENCAS DE SOFTWARE,DESPESAS GERAIS
893010,FINANCIAMENTO DE IMOVEIS,INVESTIMENTOS INATIVO
893011,FINACIAMENTOS DE VEICULOS LEVES,INVESTIMENTOS INATIVO
893013,FINANCIAMENTOS DE VEICULOS PESADOS,INVESTIMENTOS INATIVO
540013,DUARTE RECURSOS HUMANOS - DRH,DESPESAS COM PRESTADORES DE SERVICOS
410001,Rateio Logistica CD,Logistica
410002,ENCARGOS SOBRE SALARIO PESSOAL LOGISTICA,Logistica
410003,MAO DE OBRA TERECEIRIZADA,Logistica
410004,FERIAS,Logistica
410005,13 SALARIO,Logistica
410006,RECISAO,Logistica
410007,EXAME MEDICO,Logistica
410008,DESPESA C/FARDAMENTO,Logistica
410010,MANUNTENÇÃO EMPILHADEIRA,Logistica
410011,EPI/MATERIAL DE SEGURANÇA,Logistica
410012,CURSOS E TREINAMENTOS,Logistica
410013,EMBALAGENS E PALETES,Logistica
410014,PREMIACOES E GRATIFICACOES,DESPESAS RECURSOS HUMANOS
410016,ALUGUEL DE EQUIPAMENTOS,Logistica
410017,MATERIAL DE EXPEDIENTE,Logistica
410018,ALUGUEL DE IMOVEIS PARA LOGISTICA,Logistica
410019,TAXAS E LICENCAS,TRANSPORTES
410021,AJUSTE DE ESTOQUE,Logistica
410022,Manutencao de Custo,Logistica
410023,RECEBIMENTO DESCARGA MERCADORIA,Mudança de Embalagem
410024,VENDA DE PAPELAO,Logistica
410025,MUDANCA DE EMBALAGEM,Logistica
540014,SERVIT,DESPESAS COM PRESTADORES DE SERVICOS
200026,PALET,TRANFERÊNCIA ENTRE FILIAIS
530019,DESCONTOS CONCEDIDOS A CLIENTES,DESPESAS FINANCEIRAS
530020,DESCONTO FINANCEIRO,Mudança de Embalagem
900011,OUTRAS DESPESAS DA DIRETORIA,DESPESAS DIRETORIA GERAL
900012,EMPRESTIMOS A DIRETORIA,DESPESAS DIRETORIA GERAL
650001,FRETE PRINCESA,DESPESAS PRINCESA LOGISTICA
650002,DAS PRINCESA,DESPESAS PRINCESA LOGISTICA
650003,CONTADOR PRINCESA,DESPESAS PRINCESA LOGISTICA
600025,GPS PRINCESA,DESPESAS PRINCESA LOGISTICA
600026,FGTS PRINCESA,DESPESAS PRINCESA LOGISTICA
600027,FERIAS PRINCESA,DESPESAS PRINCESA LOGISTICA
600028,ASSISTENCIA MEDICA PRINCESA,DESPESAS PRINCESA LOGISTICA
410028,FRETE A FORNECEDOR,Logistica
420034,PAGAMENTO DE CHAPA,TRANSPORTES
510031,MOVEIS EQUIPAMENTOS E UTENSILIOS,DESPESAS GERAIS
600029,HORA EXTRA FUNCIONARIOS,DESPESAS RECURSOS HUMANOS
600030,COMPRA DE MEDICAMENTOS,DESPESAS RECURSOS HUMANOS
410030,DESPESAS COM EMBALAGENS,Logistica
540018,SISTEMA POLIBRAS,DESPESAS COM PRESTADORES DE SERVICOS
540019,SISTEMA ADMSOFT INFORMATICA,DESPESAS COM PRESTADORES DE SERVICOS
530028,SOBRAS DE CAIXA,DESPESAS FINANCEIRAS
700018,ADIANTAMENTO A RCA,Mudança de Embalagem
530030,TITULOS A RECEBER PAGOS A MAIOR,DESPESAS FINANCEIRAS
510035,ADIANTAMENTO A OUTROS FORNECEDORES,DESPESAS GERAIS
530031,OUTROS ACRESCIMOS CONTAS A RECEBER,DESPESAS FINANCEIRAS
530032,TARIFA REGISTRO COBRANCA - BRADESCO,DESPESAS FINANCEIRAS
530033,TARIFA REGSTRO COBRANCA - ITAU,DESPESAS FINANCEIRAS
530034,ALUGUEL DE MAQUINAS (CARTAO),DESPESAS FINANCEIRAS
700019,RENDIMENTO DE APLICAÇÃO - BRADESCO,Mudança de Embalagem
700020,APLICACAO A LONGO PRAZO,Mudança de Embalagem
301020,BLOUEIO/DESBLOQUEIO JUDICIAL,DESPESAS / RECEITAS FINANCEIRAS
900013,MARIA RAIMUNDA,DESPESAS DIRETORIA GERAL
900014,HIDELFONSO VITORIO,DESPESAS DIRETORIA GERAL
700021,RECEBIMENTO SUPER BEEF COLABORADOR,Mudança de Embalagem
301100,RECEBIMENTO DE CARTAO SAO ROQUE,DESPESAS / RECEITAS FINANCEIRAS
860001,DESPESAS FEIRA FARMA,DESPESAS FEIRA FARMA
700022,PAGAMENTO REDEUZE,Mudança de Embalagem
880001,COMISSAO ACOUGUE,ACOUGUE
700024,ESTACIONAMENTO ATACADAO,Mudança de Embalagem
402020,DESPESAS COM CONTROLE DE PRAGAS,DESPESAS CENTRO DISTRIBUICAO
893017,REFORMAS E AMPLIACOES,INVESTIMENTOS INATIVO
700023,RECEITA FARMACIA,Mudança de Embalagem
700025,JUROS DE RECEBIMENTO DE CLIENTE,Mudança de Embalagem
600039,DESPESAS TRANSPORTE PRINCESA,DESPESAS PRINCESA LOGISTICA
301021,RESGATE DE MERCADO ABERTO E APLICAÇÕES,DESPESAS / RECEITAS FINANCEIRAS
999001,Correcao de Saldo de Caixa - Receita,Correcao Financeiro
999002,Correcao de Saldo de Caixa - Despesa,Correcao Financeiro
700003,Manutencao de Custo,Mudança de Embalagem
109,CHEQUE REC ATACADAO,VENDA FATURADA
100021,RESTITUICAO A FORNECEDOR,PAGAMENTOS ASSOCIADOS AO CMV
102,CMV DA VENDA FATURADA,CMV DA VENDA FATURADA
103,SALDO BRUTO,SALDO BRUTO
104,% SALDO BRUTO,% SALDO BRUTO
990,TOTAL DE DESPESAS,TOTAL DE DESPESAS
991,VALOR SALDO LIQUIDO,VALOR SALDO LIQUIDO
992,% SALDO LIQUIDO,% SALDO LIQUIDO
994,TOTAL INVESTIMENTOS,TOTAL INVESTIMENTOS
995,VALOR SALDO FINAL,VALOR SALDO FINAL
996,% SALDO FINAL,% SALDO FINAL
106,CMV DE DEVOLUCAO DE CLIENTES,CMV DA VENDA FATURADA
100025,TITULOS MIGRADOS - COMPRA DE MERCADORIA,PAGAMENTOS ASSOCIADOS AO CMV
209001,Pis Retido por Cliente,Impostos Retenções
209002,Cofins Retido Por Cliente,Impostos Retenções
209003,CSLL Retido por Cliente,Impostos Retenções
209004,IRRF Retido por Cliente,Impostos Retenções
380002,Receita com Frete Frota Interna,Receitas com Logistica
250026,VB Rebaixa CMV Bonificac?o,Verbas Depto Compras
107,OUTROS FATURAMENTOS,VENDA FATURADA
301023,Devolucao Trademaster,DESPESAS FINANCEIRAS
265001,Proventos - Competencia,Folha de Pagamento por Competencia
265002,Ferias - Competencia,Folha de Pagamento por Competencia
265003,Recisoes - Competencia,Folha de Pagamento por Competencia
265004,Provisoes 13º - Competencia,Folha de Pagamento por Competencia
265005,INSS Folha - Competencia,Folha de Pagamento por Competencia
265006,FGTS Folha - Competencia,Folha de Pagamento por Competencia
660018,Requisição de Material de Consumo,DESPESAS GERAIS
260009,Horas Extras,Salarios e Outras Remuneracoes Funcionar
690001,Depositos Judiciais e Recursais,Despesas Juridicas
690002,Custas e Emolumentos,Despesas Juridicas
690003,Cumprimento de Sentenca,Despesas Juridicas
690004,Acordos Judiciais,Despesas Juridicas
690005,Sancoes Administrativas,Despesas Juridicas
430009,Gas,Despesas Imóveis
730026,PAGTO/RECEBIMENTO DE FATURA CARTAO,DESPESAS FINANCEIRAS
340002,Oleo Diesel - Bomba Interna,Despesas com Veículos
360008,Avarias do Acougue,Faltas Avarias e Aquis de Mercador G09
430007,Inativa - Aluguel Romac,Despesas Imóveis
280001,INATIVA. CONTA CORRETA 280002,Benefícios e Outras Despesas com Funcio
290001,CSRH,Mao de Obra Terceirizada
340003,INATIVA CONTA CORRETA 350002,Despesas com Veículos
340008,Compra e Recarga de Extintores/Tacogr,Despesas com Veículos
340009,INATIVA - CONTA CORRETA 340001,Despesas com Veículos
350001,INATIVA - Adiantamentos Viagens,Despesas com Distribuicao de Mercadorias
350009,INATIVA- CONTA CORRETA 350004,Despesas com Distribuicao de Mercadorias
350011,INATIVA - Frete Princesa,Despesas com Distribuicao de Mercadorias
360001,Falta de Mercadorias na Entrega,Faltas Avarias e Aquis de Mercador G09
360009,Avarias Hortifruti,Faltas Avarias e Aquis de Mercador G09
560003,"Treinamento e Desenvolvimento (Reunioes,",Despesas Comerciais
560006,INATIVA - Bonificacoes para Clientes,Despesas Comerciais
560008,INATIVA - Comissoes e Premiacoes Extras,Comissoes e Outras Despesas de Vendas
570005,INATIVA,Comissoes e Outras Despesas de Vendas
660006,"Refeicoes ,Taxi, Passagens e Estadias Fu",DESPESAS GERAIS
670007,INATIVA - Despesas Fazenda,"Prolabores,Retiradas e Desp da Diretoria"
680001,Panificadora,Despesas Empresas Associadas
680003,Cafe com Requeijao,Despesas Empresas Associadas
680004,Super Beef,Despesas Empresas Associadas
710001,Emprestimos Capital de Giro,Amortizacao de Emprestimos e Financiame
710002,"Financ,Leasing,Consorcios de Veic Leves",Amortizacao de Emprestimos e Financiame
670015,INATIVA-CONTA CORRETA 670014,"Prolabores,Retiradas e Desp da Diretoria"
330011,Sacolas,Despesas Operacao Interna
330012,Outras Embalagens,Despesas Operacao Interna
330013,Compra de Litros,Despesas Operacao Interna
620011,Contratação Avulsa de serviço de Ti,Despesas com T.I. e Comunicações
670012,Previdencia Privada Diretoria,"Prolabores,Retiradas e Desp da Diretoria"
670013,Despesas Gerais Diretoria,"Prolabores,Retiradas e Desp da Diretoria"
280023,Cestas e Brindes a funcionarios,Benefícios e Outras Despesas com Funcio
680006,Despesas Carreta Propria,Despesas Empresas Associadas
580001,Comunicação Visual,Despesas Com Marketing
580002,Marketing TV,Despesas Com Marketing
580003,Marketing Radio,Despesas Com Marketing
580004,Prestadores de Serviço de Marketing,Despesas Com Marketing
580005,Eventos E Patrocinios (Marketing),Despesas Com Marketing
730008,Encargos Contas Garantidas,DESPESAS FINANCEIRAS
730009,Encargos Cheque Especial,DESPESAS FINANCEIRAS
730010,Encargos sobre Descontos Realizados,DESPESAS FINANCEIRAS
730011,Taxas Boleto Cobranca Bancaria,DESPESAS FINANCEIRAS
730012,Taxas e Tarifas Mov Contas Bancarias,DESPESAS FINANCEIRAS
730013,Juros Sobre Amortizacão de Financiamento,DESPESAS FINANCEIRAS
730014,IOF Operação,DESPESAS FINANCEIRAS
260008,FERIAS,Salarios e Outras Remuneracoes Funcionar
730007,Juros Sobre Financiamento Consorcio,DESPESAS FINANCEIRAS
280020,Vale Compras,Benefícios e Outras Despesas com Funcio
670020,SR Santos Assistencia Médica e Odonto,"Prolabores,Retiradas e Desp da Diretoria"
730016,Variação Cambial,DESPESAS FINANCEIRAS
260001,Folha de Pagamento Funcionarios,Salarios e Outras Remuneracoes Funcionar
260002,Rescisoes e Acordos,Salarios e Outras Remuneracoes Funcionar
260003,Premios e Gratificacoes Extra Folha,Salarios e Outras Remuneracoes Funcionar
260004,Emprestimos a Funcionarios,Salarios e Outras Remuneracoes Funcionar
260005,Penscoes Alimenticias,Salarios e Outras Remuneracoes Funcionar
260006,Emprestimo Consignado em Folha,Salarios e Outras Remuneracoes Funcionar
260007,DEPOSITO JUDICIAL,Salarios e Outras Remuneracoes Funcionar
270001,GPS/INSS,Encargos Sociais - Retencoes E Repasses
270002,Desoneracao Folha (INSS sobre faturament,Encargos Sociais - Retencoes E Repasses
270003,FGTS,Encargos Sociais - Retencoes E Repasses
270004,Multa FGTS,Encargos Sociais - Retencoes E Repasses
270005,IRR Fonte,Encargos Sociais - Retencoes E Repasses
270006,Repasse PIS funcionarios,Encargos Sociais - Retencoes E Repasses
280002,TRANSPORTE DE FUNCIONARIOS,Benefícios e Outras Despesas com Funcio
280003,ASSISTENCIA MEDICA,Benefícios e Outras Despesas com Funcio
280004,ASSISTENCIA ODONTOLOGICA,Benefícios e Outras Despesas com Funcio
280005,Remedios,Benefícios e Outras Despesas com Funcio
280006,SEGURO DE VIDA,Benefícios e Outras Despesas com Funcio
280007,CURSOS E TREINAMENTOS,Benefícios e Outras Despesas com Funcio
280008,Ajuda de Custo (Aluguel/etc),Benefícios e Outras Despesas com Funcio
280009,Despesas com Recrutamento e Selecao,Benefícios e Outras Despesas com Funcio
280010,Exames Medicos,Benefícios e Outras Despesas com Funcio
280011,CONTRIBUICAO SINDICAL,Benefícios e Outras Despesas com Funcio
280012,Convenio Farmacia,Benefícios e Outras Despesas com Funcio
280013,Acidente de Trabalho,Benefícios e Outras Despesas com Funcio
280014,Pagamentos G 9,Benefícios e Outras Despesas com Funcio
280015,ALIMENTACAO FUNCIONARIOS,Benefícios e Outras Despesas com Funcio
280016,Processos Judiciais Trabalhistas,Benefícios e Outras Despesas com Funcio
280017,Taxas Estagiarios,Benefícios e Outras Despesas com Funcio
330002,Filme Stretch,Despesas Operacao Interna
330003,"Seguro Patrimonial ( Mercadorias, Imovei",Despesas Operacao Interna
330004,Manutencao/consumo de Empilhadeiras,Despesas Operacao Interna
330005,Manutenco de Outras Maquinas e Equipame,Despesas Operacao Interna
330006,Aluguel de Maquinas e Equipamentos,Despesas Operacao Interna
330007,Despesas com Inventarios,Despesas Operacao Interna
330008,"Lanches, Refeicoes e Transportes Extras",Despesas Operacao Interna
330009,Compra e Manutencao de Paletes,Despesas Operacao Interna
330010,Controle de Pragas,Despesas Operacao Interna
340001,Pecas/Pneus/M.Obra Manutencao Veiculos,Despesas com Veículos
340004,Multas,Despesas com Veículos
340005,IPVA/Licenciamentos,Despesas com Veículos
340006,Pagamentos de Franquias,Despesas com Veículos
340007,Custo Acidentes(Perdas e recup de Caminh,Despesas com Veículos
350002,Combustiveis,Despesas com Distribuicao de Mercadorias
350003,Diarias e Refeicoes Motoristas,Despesas com Distribuicao de Mercadorias
350004,"Pedagios , Balsas e Estacionamentos",Despesas com Distribuicao de Mercadorias
350005,Descarrego de Mercadorias (Chapas),Despesas com Distribuicao de Mercadorias
350006,Frete Terceirizado,Despesas com Distribuicao de Mercadorias
350007,Rastreamento de Veiculos e de Combustive,Despesas com Distribuicao de Mercadorias
350008,Seguro de Mercadorias em Transito,Despesas com Distribuicao de Mercadorias
350010,Mao de Obra Terceirizada,Salarios e Outras Remuneracoes Funcionar
360002,Mercadorias Avariadas na Entrega,Faltas Avarias e Aquis de Mercador G09
360003,Mercadorias Avariadas no CD e nas Lojas,Faltas Avarias e Aquis de Mercador G09
360004,Ajustes de Inventarios,Faltas Avarias e Aquis de Mercador G09
360005,Indenizacoes a Clientes,Faltas Avarias e Aquis de Mercador G09
360007,Fretes de Mercadorias G-09,Faltas Avarias e Aquis de Mercador G09
370001,IPVA/Licenciamentos/Multas Carros Leves,Despesas com Veículos Leves
430001,Aluguel e Condominio,Despesas Imóveis
430002,ENERGIA ELETRICA,Despesas Imóveis
430003,AGUA E ESGOTO,Despesas Imóveis
430004,IPTU,Despesas Imóveis
430005,TFF e outras Taxas e Licencas,Despesas Imóveis
430006,Seguranca Patrimonial,Despesas Imóveis
440001,"Manut e Consertos Civil, Eletrico e Hidr",Manutencao e Conservacao
440002,Manutencao de Ar Condicionado,Manutencao e Conservacao
440003,Manutencao Sistema Anti-Incendio,Manutencao e Conservacao
660013,Servico de Limpeza e Retirada de Residuo,DESPESAS GERAIS
280018,Remuneracao Estagiarios,Benefícios e Outras Despesas com Funcio
280021,Mensalidade Sindicato,Benefícios e Outras Despesas com Funcio
660015,Contribuição Sindical Patronal,DESPESAS GERAIS
710003,"Financ,Leasing,Consorcios Veic Pesados",Amortizacao de Emprestimos e Financiame
630006,Consultoria Administrativa,Consultorias e Assesssorias
670014,Imoveis Diretoria,"Prolabores,Retiradas e Desp da Diretoria"
670019,Despesas Auxilio Terceiros,"Prolabores,Retiradas e Desp da Diretoria"
560002,"Eventos (Feiras, Lancamentos)",Despesas Comerciais
560004,Campanhas de Vendas,Despesas Comerciais
560005,Brindes a Clientes,Despesas Comerciais
560007,Mercadorias em Demonstracao (degustação),Despesas Comerciais
570001,Comissoes Equipe de Vendas,Comissoes e Outras Despesas de Vendas
570002,Distratos e Indenizacoes RCAs.,Comissoes e Outras Despesas de Vendas
570003,Ajuda de Custos Equipe de Vendas,Comissoes e Outras Despesas de Vendas
570004,Impostos RCAs.,Comissoes e Outras Despesas de Vendas
570006,Ajuda de Custos G-09,Comissoes e Outras Despesas de Vendas
570007,"Despesas de Viagens (Gerentes, Superviso",Comissoes e Outras Despesas de Vendas
570008,Despesas com Veiculos de Vendas,Comissoes e Outras Despesas de Vendas
620002,Manutencao de Maquinas e Equip de TIC,Despesas com T.I. e Comunicações
620004,Contrato e Manutencao de Sistemas,Despesas com T.I. e Comunicações
620006,Despesas c/Viagens Consult e Func TIC,Despesas com T.I. e Comunicações
620007,Contrato de Prestação de Serviços TIC,Despesas com T.I. e Comunicações
620008,Telefone Fixo,Despesas com T.I. e Comunicações
620009,Telefone Movel,Despesas com T.I. e Comunicações
630001,Consultorias Contabil/Fiscal/Tributaria,Consultorias e Assesssorias
630002,Consultorias Econo/Finan/Organizacional,Consultorias e Assesssorias
630003,Consultorias de Marketing e Propaganda,Consultorias e Assesssorias
630004,Honorarios e Despesas Juridicas,Consultorias e Assesssorias
640001,"Impressos, Mat de Escritorio e ConsGeral",Materiais de Consumo Geral
640002,Materiais de Higiene e Limpeza,Materiais de Consumo Geral
640003,"Uniformes, Crachas e EPI'S",Materiais de Consumo Geral
640004,Agua e Alimentos,Materiais de Consumo Geral
640005,Moveis e Utensilios de Pequeno Valor,Materiais de Consumo Geral
660001,Contribuicoes a Associacoes de Classe,DESPESAS GERAIS
660002,Consultas Cadastrais (Serasa/CDL),DESPESAS GERAIS
660003,Assinatura de Publicacoes Periodicas,DESPESAS GERAIS
660004,Publicacoes Legais,DESPESAS GERAIS
660005,Honorarios e Despesas com Cobranca Exter,DESPESAS GERAIS
660007,Despesas com Cartório,DESPESAS GERAIS
660008,Postagens (Correio/Sedex/Etc),DESPESAS GERAIS
660009,Confraternizacoes e Eventos,Benefícios e Outras Despesas com Funcio
660010,DOACOES,DESPESAS GERAIS
660011,Despesas Diversas,DESPESAS GERAIS
660012,MARCAS E PATENTES,DESPESAS GERAIS
670001,Socio 01 MP,"Prolabores,Retiradas e Desp da Diretoria"
670002,Socio 02 ME,"Prolabores,Retiradas e Desp da Diretoria"
670003,Socio 03 C,"Prolabores,Retiradas e Desp da Diretoria"
670004,Socio 04 CS,"Prolabores,Retiradas e Desp da Diretoria"
670005,Socio 05 R,"Prolabores,Retiradas e Desp da Diretoria"
670006,Socio 06 A,"Prolabores,Retiradas e Desp da Diretoria"
670008,Socio 11 MR,"Prolabores,Retiradas e Desp da Diretoria"
670009,Assistencia Medica Diretoria,"Prolabores,Retiradas e Desp da Diretoria"
670010,Vales Diretoria,"Prolabores,Retiradas e Desp da Diretoria"
670011,PERDAS E DANOS,"Prolabores,Retiradas e Desp da Diretoria"
710004,"Financ, Leasing de Maquinas e Equipament",Amortizacao de Emprestimos e Financiame
710005,"Financ de Construcões, Reformas e Ampli",Amortizacao de Emprestimos e Financiame
730001,Taxa Manut de Cartoes,DESPESAS FINANCEIRAS
730002,Taxas Cartao de Credito e Debito,DESPESAS FINANCEIRAS
730003,"Juros,Multas,Correcao s/Debitos Vencidos",DESPESAS FINANCEIRAS
730004,Despesas Vendor,DESPESAS FINANCEIRAS
730005,DESCONTOS CONCEDIDOS,DESPESAS FINANCEIRAS
730006,FALTA DE CAIXA,DESPESAS FINANCEIRAS
660014,Seguranca e Transporte de Valores,DESPESAS GERAIS
280019,Nutricash,Benefícios e Outras Despesas com Funcio
670016,Socio 07 J,"Prolabores,Retiradas e Desp da Diretoria"
670018,Socio 08 B,"Prolabores,Retiradas e Desp da Diretoria"
630005,Outras Consultorias,Consultorias e Assesssorias
430008,Comissao e Corretagem,Despesas Imóveis
280022,REDE UZE,Benefícios e Outras Despesas com Funcio
340010,Inspeção Veicular,Despesas com Veículos
730015,Despesas Cartorarias DBTP,DESPESAS FINANCEIRAS
620003,Aluguel de Maquinas e Equipamentos TIC,Despesas com T.I. e Comunicações
620005,Treinamentos e Consultorias TIC,Despesas com T.I. e Comunicações
250010,VB Introducao de Itens,Verbas Depto Compras
110,RECEBIMENTOS DE CHEQUES BX PRONTON,VENDA FATURADA
250011,VB Reuniao e Eventos Rca,Verbas Depto Compras
200024,RESTITUICAO A CLIENTE,PAGAMENTOS ASSOCIADOS AO CMV
250015,VB Pagamento Promotor / Analista,Verbas Depto Compras
210014,PARC DE IMPOSTOS,Impostos (Fora do CMV)
700004,Mudanca de Embalagem / Reclassificação,Mudança de Embalagem
200027,TRANSFERENCIA ENTRADA - TOMBA,TRANFERÊNCIA ENTRE FILIAIS
100022,REBAIXA DE CMV,PAGAMENTOS ASSOCIADOS AO CMV
100023,REBAIXA DE CMV (A APURAR),PAGAMENTOS ASSOCIADOS AO CMV
200028,TRANSFERENCIA ENTRADA - ITABUNA,TRANFERÊNCIA ENTRE FILIAIS
101010,VENDA CARTAO CREDIO/DEBITO,VENDA FATURADA
30007,CONSULTORIA,PRESTACAO DE SERVICOS
210015,ICMS ANTECIPADO TOTAL,Impostos (Fora do CMV)
105001,TRANSFERENCIA ENTRE FILIAIS,TRASNFERENCIA ENTRE FILIAIS
250012,VB Outras,Verbas Depto Compras
250013,VB Contrato de Fornecimento (Mkt),Verbas Depto Compras
210003,COFINS SSERV. PRESTADOS,Impostos Retenções
210004,PIS SSERV. PRESTADOS,Impostos Retenções
210005,IMPOSTO DE RENDA,Impostos (Fora do CMV)
210006,CSLL SSERV. PRESTADOS,Impostos Retenções
210007,INSS PATRONAL,Impostos (Fora do CMV)
210008,IRRF SSERV. PRESTADOS,Impostos Retenções
210009,INSS SSERV. PRESTADOS,Impostos Retenções
210010,Contribuicao Social,Impostos (Fora do CMV)
210011,PIS,Impostos (Fora do CMV)
210012,ICMS AUTO DE INFRACAO,Impostos (Fora do CMV)
210013,ICMS ANTECIPADO PARCIAL,Impostos (Fora do CMV)
100001,COMPRA MERCADORIA,PAGAMENTOS ASSOCIADOS AO CMV
250999,Adiant. Fornecedores de Mercadorias,Adiantamentos
100002,FRETES DE MERCADORIA,PAGAMENTOS ASSOCIADOS AO CMV
250001,VB Campanhas (Mkt),Verbas Depto Compras
250002,VB Devoluções,Verbas Depto Compras
250003,VB Inauguracao (Mkt),Verbas Depto Compras
250004,VB Margem Adicional,Verbas Depto Compras
250005,VB Aniversario (Mkt),Verbas Depto Compras
250006,VB Comissao Adicional,Verbas Depto Compras
250007,VB Viagens e Representacoes,Verbas Depto Compras
250008,VB Pagamento de Descargas,Verbas Depto Compras
100020,DEVOLUCAO DE CLIENTE,PAGAMENTOS ASSOCIADOS AO CMV
100012,COFINS (SE ESTIVER NO CMV),PAGAMENTOS ASSOCIADOS AO CMV
100013,CPMF (SE ESTIVER NO CMV),PAGAMENTOS ASSOCIADOS AO CMV
100014,IRPJ (SE ESTIVER NO CMV),PAGAMENTOS ASSOCIADOS AO CMV
100015,CSSL (SE ESTIVER NO CMV),PAGAMENTOS ASSOCIADOS AO CMV
100010,COMISSAO DE VENDEDORES,PAGAMENTOS ASSOCIADOS AO CMV
100003,OUTROS CUSTOS DE MERC.REVENDA,PAGAMENTOS ASSOCIADOS AO CMV
250009,VB Para Rebaixa de Custo de Mercadoria,Verbas Depto Compras
101,VENDA FATURADA,VENDA FATURADA
100011,PIS (SE ESTIVER NO CMV),PAGAMENTOS ASSOCIADOS AO CMV
100016,ICMS NORMAL (SE ESTIVER NO CMV),PAGAMENTOS ASSOCIADOS AO CMV
100017,SUBSTITUICAO TRIBUTARIA NA VENDA,PAGAMENTOS ASSOCIADOS AO CMV
105,DEVOLUCAO DE CLIENTES,VENDA FATURADA
250014,VB Recebimento de Bônus,Verbas Depto Compras
250016,VB Catalogo,Verbas Depto Compras
105002,TRANSFERENCIA DE EMBALAGENS,TRASNFERENCIA ENTRE FILIAIS
210001,ISS SSERV. PRESTADOS,Impostos Retenções
210002,COFINS,Impostos (Fora do CMV)
210016,OUTROS TRIBUTOS ESTADUAIS,Impostos (Fora do CMV)
250017,VB Placas e Plotagem (Mkt),Verbas Depto Compras
100024,AJUSTE DE SALDO,PAGAMENTOS ASSOCIADOS AO CMV
100026,TITULOS MIGRADOR - DESPESAS,PAGAMENTOS ASSOCIADOS AO CMV
250018,VB Rebaixa de Cmv Valor Definido,Verbas Depto Compras
250019,VB Rebaixa de Cmv Valor a Apurar,Verbas Depto Compras
250020,VB Plotagem de Caminhoes,Verbas Depto Compras
850001,Manutenção e Conservação de Fazendas,Despesas Agronegocio
100027,ICMS ANTECIPADO PARCIAL,PAGAMENTOS ASSOCIADOS AO CMV
100028,ICMS ANTECIPADO TOTAL,PAGAMENTOS ASSOCIADOS AO CMV
680005,Empacotadora,Despesas Empresas Associadas
910008,Móveis e Instalações ( Balanças ),Investimentos em Bens e Ativos
910009,Móveis e Instalações ( Ilhas ),Investimentos em Bens e Ativos
710006,Amortização Capital de Giro,Amortizacao de Emprestimos e Financiame
730017,Encargos sobre Financiamento Bancario,DESPESAS FINANCEIRAS
250027,VB Campanha Promocional Clientes,Verbas Depto Compras
211004,Adiantamento de Consorcio,Adiantamentos
720014,Rendimentos de Juros s/Poupança,Receitas Financeiras
730021,Taxa De Aluguel de Maquininhas de Cartao,DESPESAS FINANCEIRAS
340011,Seguro Frota,Despesas com Veículos
440004,Manutancao de Ilhas e Cameras Frias,Manutencao e Conservacao
580007,Encartes e Guias de Compra,Despesas Com Marketing
580008,Comunicação Offline,Despesas Com Marketing
620012,Links de Internet,Despesas com T.I. e Comunicações
910018,REFORMA SANTA MONICA - Serviços,Investimentos em Bens e Ativos
410031,FRETE PRINCESA,Logistica
250021,VB Rebaixa Preço / Preço Fixo/ Brindes,Verbas Depto Compras
250023,VB Avarias,Verbas Depto Compras
250024,VB Patrocinios e Doações,Verbas Depto Compras
305001,Material p/ merchandising e expositores,Comodato de Paletes Vasilhames e Outros
305002,Comodato de Litros e Vasilhames,Comodato de Paletes Vasilhames e Outros
305003,Comodato de Paletes,Comodato de Paletes Vasilhames e Outros
305004,Outros Comodatos,Comodato de Paletes Vasilhames e Outros
211002,Devolução de Adiantamento,Adiantamentos
100034,ICMS IMPORTACAO,PAGAMENTOS ASSOCIADOS AO CMV
720015,Juros e Multas Recebidos (Lanc Manual),Receitas Financeiras
910017,REFORMA STA MONICA - GALPOES E ESTRUTURA,Investimentos em Bens e Ativos
720012,Receita com Recarga de Celular,Receitas Financeiras
720013,Receita Frete Carreta,Receitas com Logistica
730018,Taxa de Recolhimento Santander,DESPESAS FINANCEIRAS
730019,Juros de Parcelamento de Impostos,DESPESAS FINANCEIRAS
730020,Tarifas de Antecipacao de Cartao,DESPESAS FINANCEIRAS
910015,Investimentos Loja Artemia Pires,Investimentos em Bens e Ativos
730024,TAXA PIX TPI,DESPESAS FINANCEIRAS
100030,EMPRESTIMOS COMODATO,PAGAMENTOS ASSOCIADOS AO CMV
360006,Fornecedores de Mercadorias G-09,Faltas Avarias e Aquis de Mercador G09
250022,VB Desconto Diversos,Verbas Depto Compras
930001,Venda de Caminhoes,Receita com Venda de Ativos
910010,Estrutura de AÇo/Metalicas,Investimentos em Bens e Ativos
910014,Despesas e investimentos Fraga Maia,Investimentos em Bens e Ativos
211003,Depositos Não identificados,Adiantamentos
250025,VB Campanhas de Vendas,Verbas Depto Compras
100035,CUSTOS DE IMPORTACAO,PAGAMENTOS ASSOCIADOS AO CMV
301022,Taxa Trademaster / IFOOD,DESPESAS FINANCEIRAS
250028,CONTA DE VERBA DE FORNECEDOR,Verbas Depto Compras
910016,Investimentos Feira IV,Investimentos em Bens e Ativos
360010,Reaproveitamento de Perdas,Faltas Avarias e Aquis de Mercador G09
360011,Avarias Debitadas,Faltas Avarias e Aquis de Mercador G09
100029,FRETE CARRETA PROPRIA,PAGAMENTOS ASSOCIADOS AO CMV
910011,Veículos-Motocicleta,Investimentos em Bens e Ativos
910012,Benfeitoria em Imóveis de Terceiros,Investimentos em Bens e Ativos
910013,Moveis e Utencilios,Investimentos em Bens e Ativos
100032,ACRESCIMO NO CUSTO DA MERCADORIA,Verbas Depto Compras
100033,ARMAZENAGENS DE MERCADORIAS,PAGAMENTOS ASSOCIADOS AO CMV
380001,Receita Apolice Seguro de Mercadorias,Receitas com Logistica
210019,IPI,Impostos (Fora do CMV)
211005,VALE PRESENTE - ADIANTAMENTO DE CLIENTE,Adiantamentos
620001,Aquisicao de Maquinas e Equipamentos TIC,Investimentos em Bens e Ativos
620010,Aquisição de Softwares e Licenças,Investimentos em Bens e Ativos
720001,Receita Aplicacao Financeira,Receitas Financeiras
720002,Juros e Multas Recebidos,Receitas Financeiras
720003,DESCONTOS OBTIDOS,Receitas Financeiras
720004,Fretes Recebidos,Receitas com Logistica
720005,Recebimento Descarga de Mercadorias,Receitas com Logistica
720006,"Venda Paletes, Embalagem, Papelão, Óleo",Receitas com Logistica
720007,Receita de Estacionamentos,Receitas Financeiras
720008,Ressarcimento de Emprestimos e de Benefi,Receitas Financeiras
720009,Sobra de Caixa,Receitas Financeiras
720010,Recuperacao de Creditos nao Liquidados,Receitas Financeiras
820013,Multas Indedutíveis,Tributos Sem Incidência no CMV
910001,IMOVEIS,Investimentos em Bens e Ativos
910002,"Construcao, Reformas e Ampliacoes de Imo",Investimentos em Bens e Ativos
910003,Veiculos Pesados,Investimentos em Bens e Ativos
910004,Veiculos Leves,Investimentos em Bens e Ativos
910005,Empilhadeiras e Outros Equip de Transpor,Investimentos em Bens e Ativos
910006,Maquinas e Equipamentos,Investimentos em Bens e Ativos
910007,Moveis e Instalacoes,Investimentos em Bens e Ativos
920001,Aplicacoes Financeiras,Outros Investimentos
720011,Receita com Alugueis,Receitas Financeiras
250998,Adiant. Outros Fornecedores,Adiantamentos
100031,FRETE OUTROS,PAGAMENTOS ASSOCIADOS AO CMV
100018,ICMS PARCELADO,PAGAMENTOS ASSOCIADOS AO CMV
100019,ICMS POBREZA,PAGAMENTOS ASSOCIADOS AO CMV
100004,ICMS AUTO DE INFRACAO,PAGAMENTOS ASSOCIADOS AO CMV
210017,ICMS POBRESA,Impostos (Fora do CMV)
210018,SUBSTITUICAO TRIBUTARIA NA VENDA,Impostos (Fora do CMV)
930002,Vendas de Veículos Leves,Receita com Venda de Ativos
211001,Remessa para Simples Faturamento,Adiantamentos
580006,Internet e Midias Sociais,Despesas Com Marketing
525009,OUTSELL,DESPESAS COM TELEFONIA E INTERNET
700017,RECEBIMENTO FARMACIA COLABORADOR,Mudança de Embalagem
600016,ALIMENTACAO FUNCIONARIOS,DESPESAS RECURSOS HUMANOS
600022,RECISAO,DESPESAS RECURSOS HUMANOS
320018,IMPRESSOES E GRAFICAS,TRADE MARKETING
320019,MIDIA TV JORNAL E RADIO,TRADE MARKETING
310016,PREMIACAO E CAMPANHA DE VENDAS,DESPESAS COM EQUIPE DE VENDAS
320010,COMBUSTIVEL,TRADE MARKETING
320011,ENCARTES PROMOCIONAIS,TRADE MARKETING
320012,CATALOGO DE PRODUTOS,TRADE MARKETING
320013,PRESTADORES DE SERVICOS,TRADE MARKETING
420005,COMISSAO DE MOTORISTA E AUXILIARES,TRANSPORTES
420019,IPVA E LICENCIAMENTO VEICULOS PESADOS,TRANSPORTES
540003,HONORARIOS ADVOCATICIOS,DESPESAS COM PRESTADORES DE SERVICOS
90001,PERDAS E DANOS,DESPESAS DIRETORIA GERAL
90002,PRO LABORE,DESPESAS DIRETORIA GERAL
90003,VIAGENS E ESTADIAS DIRETORIA,DESPESAS DIRETORIA GERAL
90004,COMBUSTIVEIS E LUBRICANTES DIRETORIA,DESPESAS DIRETORIA GERAL
90005,DISTRIBUICAO DE LUCROS,DESPESAS DIRETORIA GERAL
90006,ASSISTENCIA MEDICA,DESPESAS DIRETORIA GERAL
900007,PREVIDENCIA PIVADA DIRETORIA,DESPESAS DIRETORIA GERAL
200003,DESCONTOS CONCEDIDOS,TRANFERÊNCIA ENTRE FILIAIS
300006,AGUA E ESGOTO,DESPESAS ADMINISTRATIVAS
300007,ALUGUEIS E CONDOMINIOS,DESPESAS ADMINISTRATIVAS
300008,CONDUCOES URBANAS,DESPESAS ADMINISTRATIVAS
301002,JUROS RECEBIDOS,DESPESAS / RECEITAS FINANCEIRAS
301005,IOF,DESPESAS / RECEITAS FINANCEIRAS
401021,GASOLINA,DESPESAS COM TRANSPORTE
401007,BALSAS E PEDAGIOS,DESPESAS COM TRANSPORTE
401009,AVARIAS - TRANSPORTE,DESPESAS COM TRANSPORTE
37,*** Temporaria ***,PAGAMENTOS ASSOCIADOS AO CMV
900001,PERDAS E DANOS,DESPESAS DIRETORIA GERAL
900002,PRO LABORE,DESPESAS DIRETORIA GERAL
300024,VIAGENS E ESTADAS,DESPESAS ADMINISTRATIVAS
300027,HONORARIOS CONTABILIDADE,DESPESAS ADMINISTRATIVAS
900003,VIAGENS E ESTADAS - DIRETORIA,DESPESAS DIRETORIA GERAL
900004,COMBUSTIVEIS E LUBRIFICANTES - DIRETORIA,DESPESAS DIRETORIA GERAL
30001,SERASA,PRESTACAO DE SERVICOS
30002,PROTON SISTEMA,PRESTACAO DE SERVICOS
30003,VISEL SEGURANCA,PRESTACAO DE SERVICOS
30004,PGT CONTADOR,PRESTACAO DE SERVICOS
30005,WIN THOR SISTEMA,PRESTACAO DE SERVICOS
30006,POLIBRAS,PRESTACAO DE SERVICOS
300111,FRETES DE MERCADORIA,CONTAS A PAGAR
410009,COMBUSTIVEL (GAS EMPILHADEIRA ),Logistica
410015,MANUTENCAO DE PE¿AS E EQUIPAMENTOS,Logistica
410020,FRETE DE MERCADORIA,Logistica
410026,VB DEV A FORNECEDOR,Logistica
900006,ASSISTENCIA MEDICA BRADESCO DIRETORIA,DESPESAS DIRETORIA GERAL
540017,ALIMENTACAO FUNCIONARIOS,DESPESAS COM PRESTADORES DE SERVICOS
410029,FRETE FROTA TERCEIRIZADO,Logistica
420035,TAXI / MOTOTAXI,TRANSPORTES
530027,TARIFAS CARTAO DE CREDITO,DESPESAS FINANCEIRAS
600037,SEGURO DE VIDA,DESPESAS RECURSOS HUMANOS
530029,FALTA DE CAIXA,DESPESAS FINANCEIRAS
510034,DOACAO / CARIDADE,DESPESAS GERAIS
420036,DESPESA DE VIAGEM MOTORISTA,TRANSPORTES
525010,GVT INTERNET,DESPESAS COM TELEFONIA E INTERNET
525011,CORE NETWORK,DESPESAS COM TELEFONIA E INTERNET
525012,TIM,DESPESAS COM TELEFONIA E INTERNET
750002,OUTRAS DESPESAS DA PADARIA,DESPESAS DA PANIFICADORA LOJAS
650011,FRETE TERCEIRIZADO PRINCESA,DESPESAS PRINCESA LOGISTICA
450001,Despesas com Construção FM,Despesas Fraga Maia
680009,Receita Lounge Bar,Despesas Empresas Associadas
720,Juros s/Rendimentos Poupança,Receitas Financeiras
680007,Checkout Lounge Bar,Despesas Empresas Associadas
730022,Taxa Trademaster,DESPESAS FINANCEIRAS
730023,Devolucao Trademaster,DESPESAS FINANCEIRAS
660016,INATIVA - Decoracao e Sinalizacao Loja,DESPESAS GERAIS
736001,Encargos Contas Garantidas (CAIXA ECONO),"Taxas, Encargos e Juros-CAIXA ECONOMICA"
736002,Encargos Cheque Especial (CAIXA ECONOM),"Taxas, Encargos e Juros-CAIXA ECONOMICA"
736003,Encargos sobre Descontos Realizados CAIX,"Taxas, Encargos e Juros-CAIXA ECONOMICA"
736004,Taxas Cobranca Bancaria (CAIXA ECONOMIC),"Taxas, Encargos e Juros-CAIXA ECONOMICA"
736005,Txs e Tarifas Mov Contas Bancarias CAIXA,"Taxas, Encargos e Juros-CAIXA ECONOMICA"
736006,Jur Sobre Amortizacao de Financ (CAIXA ),"Taxas, Encargos e Juros-CAIXA ECONOMICA"
410032,AVARIAS,Logistica
330001,Comodato de Paletes e Vasilha e Outros,Despesas Operacao Interna
370002,Peças e M.Obra Manutenção Carros Leves,Despesas com Veículos Leves
735001,Encargos Contas Garantidas (SANTANDER),"Taxas, Encargos e Juros - SANTANDER"
735002,Encargos Cheque Especial (SANTANDER),"Taxas, Encargos e Juros - SANTANDER"
735003,Encargos sobre Descontos Realizados SANT,"Taxas, Encargos e Juros - SANTANDER"
735004,Taxas Cobranca Bancaria (SANTANDER),"Taxas, Encargos e Juros - SANTANDER"
735005,Txs e Tarifas Mov Contas Bancarias SANT,"Taxas, Encargos e Juros - SANTANDER"
735006,Jur Sobre Amortizacao de Financ (SANT),"Taxas, Encargos e Juros - SANTANDER"
540024,INATIVA-SUPER BEEF,DESPESAS COM PRESTADORES DE SERVICOS
870001,DESPESAS CAFE COM REQUEIJAO,DESPESAS CAFE COM REQUEIJÃO
600038,COMISS?O AGENTES DE COBRANCA,DESPESAS RECURSOS HUMANOS
560001,"INATIVA - Marketing (Propaganda, Publici",Despesas Comerciais
680002,Feira Farma,Despesas Empresas Associadas
731001,Encargos Contas Garantidas (BRA),"Taxas, Encargos e Juros - BRADESCO"
731002,Encargos Cheque Especial (BRA),"Taxas, Encargos e Juros - BRADESCO"
731003,Encargos sobre Descontos Realizados (BRA,"Taxas, Encargos e Juros - BRADESCO"
731004,Taxas Cobranca Bancaria (BRA),"Taxas, Encargos e Juros - BRADESCO"
731005,Txs e Tarifas Mov Contas Bancarias (BRA),"Taxas, Encargos e Juros - BRADESCO"
731006,Jur Sobre Amortizac?o de Financ (BRA),"Taxas, Encargos e Juros - BRADESCO"
732001,Encargos Contas Garantidas (BB),"Taxas, Encargos e Juros - B. BRASIL"
732002,Encargos Cheque Especial (BB),"Taxas, Encargos e Juros - B. BRASIL"
732003,Encargos sobre Descontos Realizados (BB),"Taxas, Encargos e Juros - B. BRASIL"
732004,Taxas Cobranca Bancaria (BB),"Taxas, Encargos e Juros - B. BRASIL"
732005,Txs e Tarifas Mov Contas Bancarias (BB),"Taxas, Encargos e Juros - B. BRASIL"
732006,Jur Sobre Amortizac?o de Financ (BB),"Taxas, Encargos e Juros - B. BRASIL"
733001,Encargos Contas Garantidas (ITAU),"Taxas, Encargos e Juros - ITAU"
733002,Encargos Cheque Especial (ITAU),"Taxas, Encargos e Juros - ITAU"
733003,Encargos sobre Descontos Realizados ITAU,"Taxas, Encargos e Juros - ITAU"
733004,Taxas Cobranca Bancaria (ITAU),"Taxas, Encargos e Juros - ITAU"
733005,Txs e Tarifas Mov Contas Bancarias(ITAU),"Taxas, Encargos e Juros - ITAU"
733006,Jur Sobre Amortizacao de Financ (ITAU),"Taxas, Encargos e Juros - ITAU"
734001,Encargos Contas Garantidas,"Taxas, Encargos e Juros- BANCOS DIVERSOS"
734002,Encargos Cheque Especial,"Taxas, Encargos e Juros- BANCOS DIVERSOS"
734003,Encargos sobre Descontos Realizados,"Taxas, Encargos e Juros- BANCOS DIVERSOS"
734004,Taxas Cobranca Bancaria,"Taxas, Encargos e Juros- BANCOS DIVERSOS"
734005,Txs e Tarifas Mov Contas Bancarias,"Taxas, Encargos e Juros- BANCOS DIVERSOS"
734006,Jur Sobre Amortizacao de Financ,"Taxas, Encargos e Juros- BANCOS DIVERSOS"
820001,ICMS,Tributos Sem Incidência no CMV
820002,PIS,Tributos Sem Incidência no CMV
820003,COFINS,Tributos Sem Incidência no CMV
820004,IRPJ,Tributos Sem Incidência no CMV
820005,CSLL,Tributos Sem Incidência no CMV
820006,ISS,Tributos Sem Incidência no CMV
820007,PIS Serviços de Terceiros,Tributos Sem Incidência no CMV
820008,COFINS Serviços de Terceiros,Tributos Sem Incidência no CMV
820009,CSLL Serviços de Terceiros,Tributos Sem Incidência no CMV
820010,IRRF Serviços de Terceiros,Tributos Sem Incidência no CMV
820011,Pagamento Parcelamentos de Impostos,Tributos Sem Incidência no CMV
820012,"Juros,Multas,Correçção s/Impostos Vencid",Tributos Sem Incidência no CMV
680008,Cozinha Lounge Bar,Despesas Empresas Associadas
